,img,msk
0,/media/_data/datasets/CVC-ClinicDB/Original/305.tif,/media/_data/datasets/CVC-ClinicDB/Ground Truth/305.tif
1,/media/_data/datasets/CVC-ClinicDB/Original/328.tif,/media/_data/datasets/CVC-ClinicDB/Ground Truth/328.tif
2,/media/_data/datasets/CVC-ClinicDB/Original/552.tif,/media/_data/datasets/CVC-ClinicDB/Ground Truth/552.tif
3,/media/_data/datasets/CVC-ClinicDB/Original/446.tif,/media/_data/datasets/CVC-ClinicDB/Ground Truth/446.tif
4,/media/_data/datasets/CVC-ClinicDB/Original/457.tif,/media/_data/datasets/CVC-ClinicDB/Ground Truth/457.tif
5,/media/_data/datasets/CVC-ClinicDB/Original/114.tif,/media/_data/datasets/CVC-ClinicDB/Ground Truth/114.tif
6,/media/_data/datasets/CVC-ClinicDB/Original/127.tif,/media/_data/datasets/CVC-ClinicDB/Ground Truth/127.tif
7,/media/_data/datasets/CVC-ClinicDB/Original/282.tif,/media/_data/datasets/CVC-ClinicDB/Ground Truth/282.tif
8,/media/_data/datasets/CVC-ClinicDB/Original/364.tif,/media/_data/datasets/CVC-ClinicDB/Ground Truth/364.tif
9,/media/_data/datasets/CVC-ClinicDB/Original/88.tif,/media/_data/datasets/CVC-ClinicDB/Ground Truth/88.tif
10,/media/_data/datasets/CVC-ClinicDB/Original/526.tif,/media/_data/datasets/CVC-ClinicDB/Ground Truth/526.tif
11,/media/_data/datasets/CVC-ClinicDB/Original/209.tif,/media/_data/datasets/CVC-ClinicDB/Ground Truth/209.tif
12,/media/_data/datasets/CVC-ClinicDB/Original/403.tif,/media/_data/datasets/CVC-ClinicDB/Ground Truth/403.tif
13,/media/_data/datasets/CVC-ClinicDB/Original/74.tif,/media/_data/datasets/CVC-ClinicDB/Ground Truth/74.tif
14,/media/_data/datasets/CVC-ClinicDB/Original/357.tif,/media/_data/datasets/CVC-ClinicDB/Ground Truth/357.tif
15,/media/_data/datasets/CVC-ClinicDB/Original/254.tif,/media/_data/datasets/CVC-ClinicDB/Ground Truth/254.tif
16,/media/_data/datasets/CVC-ClinicDB/Original/152.tif,/media/_data/datasets/CVC-ClinicDB/Ground Truth/152.tif
17,/media/_data/datasets/CVC-ClinicDB/Original/171.tif,/media/_data/datasets/CVC-ClinicDB/Ground Truth/171.tif
18,/media/_data/datasets/CVC-ClinicDB/Original/234.tif,/media/_data/datasets/CVC-ClinicDB/Ground Truth/234.tif
19,/media/_data/datasets/CVC-ClinicDB/Original/579.tif,/media/_data/datasets/CVC-ClinicDB/Ground Truth/579.tif
20,/media/_data/datasets/CVC-ClinicDB/Original/351.tif,/media/_data/datasets/CVC-ClinicDB/Ground Truth/351.tif
21,/media/_data/datasets/CVC-ClinicDB/Original/408.tif,/media/_data/datasets/CVC-ClinicDB/Ground Truth/408.tif
22,/media/_data/datasets/CVC-ClinicDB/Original/381.tif,/media/_data/datasets/CVC-ClinicDB/Ground Truth/381.tif
23,/media/_data/datasets/CVC-ClinicDB/Original/387.tif,/media/_data/datasets/CVC-ClinicDB/Ground Truth/387.tif
24,/media/_data/datasets/CVC-ClinicDB/Original/57.tif,/media/_data/datasets/CVC-ClinicDB/Ground Truth/57.tif
25,/media/_data/datasets/CVC-ClinicDB/Original/382.tif,/media/_data/datasets/CVC-ClinicDB/Ground Truth/382.tif
26,/media/_data/datasets/CVC-ClinicDB/Original/458.tif,/media/_data/datasets/CVC-ClinicDB/Ground Truth/458.tif
27,/media/_data/datasets/CVC-ClinicDB/Original/70.tif,/media/_data/datasets/CVC-ClinicDB/Ground Truth/70.tif
28,/media/_data/datasets/CVC-ClinicDB/Original/157.tif,/media/_data/datasets/CVC-ClinicDB/Ground Truth/157.tif
29,/media/_data/datasets/CVC-ClinicDB/Original/240.tif,/media/_data/datasets/CVC-ClinicDB/Ground Truth/240.tif
30,/media/_data/datasets/CVC-ClinicDB/Original/611.tif,/media/_data/datasets/CVC-ClinicDB/Ground Truth/611.tif
31,/media/_data/datasets/CVC-ClinicDB/Original/362.tif,/media/_data/datasets/CVC-ClinicDB/Ground Truth/362.tif
32,/media/_data/datasets/CVC-ClinicDB/Original/471.tif,/media/_data/datasets/CVC-ClinicDB/Ground Truth/471.tif
33,/media/_data/datasets/CVC-ClinicDB/Original/565.tif,/media/_data/datasets/CVC-ClinicDB/Ground Truth/565.tif
34,/media/_data/datasets/CVC-ClinicDB/Original/50.tif,/media/_data/datasets/CVC-ClinicDB/Ground Truth/50.tif
35,/media/_data/datasets/CVC-ClinicDB/Original/588.tif,/media/_data/datasets/CVC-ClinicDB/Ground Truth/588.tif
36,/media/_data/datasets/CVC-ClinicDB/Original/210.tif,/media/_data/datasets/CVC-ClinicDB/Ground Truth/210.tif
37,/media/_data/datasets/CVC-ClinicDB/Original/274.tif,/media/_data/datasets/CVC-ClinicDB/Ground Truth/274.tif
38,/media/_data/datasets/CVC-ClinicDB/Original/540.tif,/media/_data/datasets/CVC-ClinicDB/Ground Truth/540.tif
39,/media/_data/datasets/CVC-ClinicDB/Original/247.tif,/media/_data/datasets/CVC-ClinicDB/Ground Truth/247.tif
40,/media/_data/datasets/CVC-ClinicDB/Original/452.tif,/media/_data/datasets/CVC-ClinicDB/Ground Truth/452.tif
41,/media/_data/datasets/CVC-ClinicDB/Original/462.tif,/media/_data/datasets/CVC-ClinicDB/Ground Truth/462.tif
42,/media/_data/datasets/CVC-ClinicDB/Original/468.tif,/media/_data/datasets/CVC-ClinicDB/Ground Truth/468.tif
43,/media/_data/datasets/CVC-ClinicDB/Original/424.tif,/media/_data/datasets/CVC-ClinicDB/Ground Truth/424.tif
44,/media/_data/datasets/CVC-ClinicDB/Original/550.tif,/media/_data/datasets/CVC-ClinicDB/Ground Truth/550.tif
45,/media/_data/datasets/CVC-ClinicDB/Original/341.tif,/media/_data/datasets/CVC-ClinicDB/Ground Truth/341.tif
46,/media/_data/datasets/CVC-ClinicDB/Original/584.tif,/media/_data/datasets/CVC-ClinicDB/Ground Truth/584.tif
47,/media/_data/datasets/CVC-ClinicDB/Original/196.tif,/media/_data/datasets/CVC-ClinicDB/Ground Truth/196.tif
48,/media/_data/datasets/CVC-ClinicDB/Original/455.tif,/media/_data/datasets/CVC-ClinicDB/Ground Truth/455.tif
49,/media/_data/datasets/CVC-ClinicDB/Original/26.tif,/media/_data/datasets/CVC-ClinicDB/Ground Truth/26.tif
50,/media/_data/datasets/CVC-ClinicDB/Original/61.tif,/media/_data/datasets/CVC-ClinicDB/Ground Truth/61.tif
51,/media/_data/datasets/CVC-ClinicDB/Original/184.tif,/media/_data/datasets/CVC-ClinicDB/Ground Truth/184.tif
52,/media/_data/datasets/CVC-ClinicDB/Original/211.tif,/media/_data/datasets/CVC-ClinicDB/Ground Truth/211.tif
53,/media/_data/datasets/CVC-ClinicDB/Original/195.tif,/media/_data/datasets/CVC-ClinicDB/Ground Truth/195.tif
54,/media/_data/datasets/CVC-ClinicDB/Original/78.tif,/media/_data/datasets/CVC-ClinicDB/Ground Truth/78.tif
55,/media/_data/datasets/CVC-ClinicDB/Original/569.tif,/media/_data/datasets/CVC-ClinicDB/Ground Truth/569.tif
56,/media/_data/datasets/CVC-ClinicDB/Original/380.tif,/media/_data/datasets/CVC-ClinicDB/Ground Truth/380.tif
57,/media/_data/datasets/CVC-ClinicDB/Original/332.tif,/media/_data/datasets/CVC-ClinicDB/Ground Truth/332.tif
58,/media/_data/datasets/CVC-ClinicDB/Original/229.tif,/media/_data/datasets/CVC-ClinicDB/Ground Truth/229.tif
59,/media/_data/datasets/CVC-ClinicDB/Original/257.tif,/media/_data/datasets/CVC-ClinicDB/Ground Truth/257.tif
60,/media/_data/datasets/CVC-ClinicDB/Original/126.tif,/media/_data/datasets/CVC-ClinicDB/Ground Truth/126.tif
61,/media/_data/datasets/CVC-ClinicDB/Original/150.tif,/media/_data/datasets/CVC-ClinicDB/Ground Truth/150.tif
62,/media/_data/datasets/CVC-ClinicDB/Original/345.tif,/media/_data/datasets/CVC-ClinicDB/Ground Truth/345.tif
63,/media/_data/datasets/CVC-ClinicDB/Original/117.tif,/media/_data/datasets/CVC-ClinicDB/Ground Truth/117.tif
64,/media/_data/datasets/CVC-ClinicDB/Original/273.tif,/media/_data/datasets/CVC-ClinicDB/Ground Truth/273.tif
65,/media/_data/datasets/CVC-ClinicDB/Original/567.tif,/media/_data/datasets/CVC-ClinicDB/Ground Truth/567.tif
66,/media/_data/datasets/CVC-ClinicDB/Original/549.tif,/media/_data/datasets/CVC-ClinicDB/Ground Truth/549.tif
67,/media/_data/datasets/CVC-ClinicDB/Original/123.tif,/media/_data/datasets/CVC-ClinicDB/Ground Truth/123.tif
68,/media/_data/datasets/CVC-ClinicDB/Original/547.tif,/media/_data/datasets/CVC-ClinicDB/Ground Truth/547.tif
69,/media/_data/datasets/CVC-ClinicDB/Original/142.tif,/media/_data/datasets/CVC-ClinicDB/Ground Truth/142.tif
70,/media/_data/datasets/CVC-ClinicDB/Original/420.tif,/media/_data/datasets/CVC-ClinicDB/Ground Truth/420.tif
71,/media/_data/datasets/CVC-ClinicDB/Original/470.tif,/media/_data/datasets/CVC-ClinicDB/Ground Truth/470.tif
72,/media/_data/datasets/CVC-ClinicDB/Original/608.tif,/media/_data/datasets/CVC-ClinicDB/Ground Truth/608.tif
73,/media/_data/datasets/CVC-ClinicDB/Original/335.tif,/media/_data/datasets/CVC-ClinicDB/Ground Truth/335.tif
74,/media/_data/datasets/CVC-ClinicDB/Original/507.tif,/media/_data/datasets/CVC-ClinicDB/Ground Truth/507.tif
75,/media/_data/datasets/CVC-ClinicDB/Original/354.tif,/media/_data/datasets/CVC-ClinicDB/Ground Truth/354.tif
76,/media/_data/datasets/CVC-ClinicDB/Original/512.tif,/media/_data/datasets/CVC-ClinicDB/Ground Truth/512.tif
77,/media/_data/datasets/CVC-ClinicDB/Original/271.tif,/media/_data/datasets/CVC-ClinicDB/Ground Truth/271.tif
78,/media/_data/datasets/CVC-ClinicDB/Original/561.tif,/media/_data/datasets/CVC-ClinicDB/Ground Truth/561.tif
79,/media/_data/datasets/CVC-ClinicDB/Original/128.tif,/media/_data/datasets/CVC-ClinicDB/Ground Truth/128.tif
80,/media/_data/datasets/CVC-ClinicDB/Original/439.tif,/media/_data/datasets/CVC-ClinicDB/Ground Truth/439.tif
81,/media/_data/datasets/CVC-ClinicDB/Original/244.tif,/media/_data/datasets/CVC-ClinicDB/Ground Truth/244.tif
82,/media/_data/datasets/CVC-ClinicDB/Original/161.tif,/media/_data/datasets/CVC-ClinicDB/Ground Truth/161.tif
83,/media/_data/datasets/CVC-ClinicDB/Original/134.tif,/media/_data/datasets/CVC-ClinicDB/Ground Truth/134.tif
84,/media/_data/datasets/CVC-ClinicDB/Original/221.tif,/media/_data/datasets/CVC-ClinicDB/Ground Truth/221.tif
85,/media/_data/datasets/CVC-ClinicDB/Original/467.tif,/media/_data/datasets/CVC-ClinicDB/Ground Truth/467.tif
86,/media/_data/datasets/CVC-ClinicDB/Original/224.tif,/media/_data/datasets/CVC-ClinicDB/Ground Truth/224.tif
87,/media/_data/datasets/CVC-ClinicDB/Original/193.tif,/media/_data/datasets/CVC-ClinicDB/Ground Truth/193.tif
88,/media/_data/datasets/CVC-ClinicDB/Original/531.tif,/media/_data/datasets/CVC-ClinicDB/Ground Truth/531.tif
89,/media/_data/datasets/CVC-ClinicDB/Original/546.tif,/media/_data/datasets/CVC-ClinicDB/Ground Truth/546.tif
90,/media/_data/datasets/CVC-ClinicDB/Original/146.tif,/media/_data/datasets/CVC-ClinicDB/Ground Truth/146.tif
91,/media/_data/datasets/CVC-ClinicDB/Original/564.tif,/media/_data/datasets/CVC-ClinicDB/Ground Truth/564.tif
92,/media/_data/datasets/CVC-ClinicDB/Original/525.tif,/media/_data/datasets/CVC-ClinicDB/Ground Truth/525.tif
93,/media/_data/datasets/CVC-ClinicDB/Original/115.tif,/media/_data/datasets/CVC-ClinicDB/Ground Truth/115.tif
94,/media/_data/datasets/CVC-ClinicDB/Original/330.tif,/media/_data/datasets/CVC-ClinicDB/Ground Truth/330.tif
95,/media/_data/datasets/CVC-ClinicDB/Original/395.tif,/media/_data/datasets/CVC-ClinicDB/Ground Truth/395.tif
96,/media/_data/datasets/CVC-ClinicDB/Original/53.tif,/media/_data/datasets/CVC-ClinicDB/Ground Truth/53.tif
97,/media/_data/datasets/CVC-ClinicDB/Original/527.tif,/media/_data/datasets/CVC-ClinicDB/Ground Truth/527.tif
98,/media/_data/datasets/CVC-ClinicDB/Original/314.tif,/media/_data/datasets/CVC-ClinicDB/Ground Truth/314.tif
99,/media/_data/datasets/CVC-ClinicDB/Original/284.tif,/media/_data/datasets/CVC-ClinicDB/Ground Truth/284.tif
100,/media/_data/datasets/CVC-ClinicDB/Original/506.tif,/media/_data/datasets/CVC-ClinicDB/Ground Truth/506.tif
101,/media/_data/datasets/CVC-ClinicDB/Original/418.tif,/media/_data/datasets/CVC-ClinicDB/Ground Truth/418.tif
102,/media/_data/datasets/CVC-ClinicDB/Original/336.tif,/media/_data/datasets/CVC-ClinicDB/Ground Truth/336.tif
103,/media/_data/datasets/CVC-ClinicDB/Original/12.tif,/media/_data/datasets/CVC-ClinicDB/Ground Truth/12.tif
104,/media/_data/datasets/CVC-ClinicDB/Original/208.tif,/media/_data/datasets/CVC-ClinicDB/Ground Truth/208.tif
105,/media/_data/datasets/CVC-ClinicDB/Original/412.tif,/media/_data/datasets/CVC-ClinicDB/Ground Truth/412.tif
106,/media/_data/datasets/CVC-ClinicDB/Original/58.tif,/media/_data/datasets/CVC-ClinicDB/Ground Truth/58.tif
107,/media/_data/datasets/CVC-ClinicDB/Original/401.tif,/media/_data/datasets/CVC-ClinicDB/Ground Truth/401.tif
108,/media/_data/datasets/CVC-ClinicDB/Original/322.tif,/media/_data/datasets/CVC-ClinicDB/Ground Truth/322.tif
109,/media/_data/datasets/CVC-ClinicDB/Original/7.tif,/media/_data/datasets/CVC-ClinicDB/Ground Truth/7.tif
110,/media/_data/datasets/CVC-ClinicDB/Original/301.tif,/media/_data/datasets/CVC-ClinicDB/Ground Truth/301.tif
111,/media/_data/datasets/CVC-ClinicDB/Original/163.tif,/media/_data/datasets/CVC-ClinicDB/Ground Truth/163.tif
112,/media/_data/datasets/CVC-ClinicDB/Original/25.tif,/media/_data/datasets/CVC-ClinicDB/Ground Truth/25.tif
113,/media/_data/datasets/CVC-ClinicDB/Original/182.tif,/media/_data/datasets/CVC-ClinicDB/Ground Truth/182.tif
114,/media/_data/datasets/CVC-ClinicDB/Original/236.tif,/media/_data/datasets/CVC-ClinicDB/Ground Truth/236.tif
115,/media/_data/datasets/CVC-ClinicDB/Original/445.tif,/media/_data/datasets/CVC-ClinicDB/Ground Truth/445.tif
116,/media/_data/datasets/CVC-ClinicDB/Original/35.tif,/media/_data/datasets/CVC-ClinicDB/Ground Truth/35.tif
117,/media/_data/datasets/CVC-ClinicDB/Original/289.tif,/media/_data/datasets/CVC-ClinicDB/Ground Truth/289.tif
118,/media/_data/datasets/CVC-ClinicDB/Original/536.tif,/media/_data/datasets/CVC-ClinicDB/Ground Truth/536.tif
119,/media/_data/datasets/CVC-ClinicDB/Original/346.tif,/media/_data/datasets/CVC-ClinicDB/Ground Truth/346.tif
120,/media/_data/datasets/CVC-ClinicDB/Original/3.tif,/media/_data/datasets/CVC-ClinicDB/Ground Truth/3.tif
121,/media/_data/datasets/CVC-ClinicDB/Original/66.tif,/media/_data/datasets/CVC-ClinicDB/Ground Truth/66.tif
122,/media/_data/datasets/CVC-ClinicDB/Original/413.tif,/media/_data/datasets/CVC-ClinicDB/Ground Truth/413.tif
123,/media/_data/datasets/CVC-ClinicDB/Original/21.tif,/media/_data/datasets/CVC-ClinicDB/Ground Truth/21.tif
124,/media/_data/datasets/CVC-ClinicDB/Original/168.tif,/media/_data/datasets/CVC-ClinicDB/Ground Truth/168.tif
125,/media/_data/datasets/CVC-ClinicDB/Original/47.tif,/media/_data/datasets/CVC-ClinicDB/Ground Truth/47.tif
126,/media/_data/datasets/CVC-ClinicDB/Original/226.tif,/media/_data/datasets/CVC-ClinicDB/Ground Truth/226.tif
127,/media/_data/datasets/CVC-ClinicDB/Original/45.tif,/media/_data/datasets/CVC-ClinicDB/Ground Truth/45.tif
128,/media/_data/datasets/CVC-ClinicDB/Original/41.tif,/media/_data/datasets/CVC-ClinicDB/Ground Truth/41.tif
129,/media/_data/datasets/CVC-ClinicDB/Original/374.tif,/media/_data/datasets/CVC-ClinicDB/Ground Truth/374.tif
130,/media/_data/datasets/CVC-ClinicDB/Original/261.tif,/media/_data/datasets/CVC-ClinicDB/Ground Truth/261.tif
131,/media/_data/datasets/CVC-ClinicDB/Original/500.tif,/media/_data/datasets/CVC-ClinicDB/Ground Truth/500.tif
132,/media/_data/datasets/CVC-ClinicDB/Original/592.tif,/media/_data/datasets/CVC-ClinicDB/Ground Truth/592.tif
133,/media/_data/datasets/CVC-ClinicDB/Original/359.tif,/media/_data/datasets/CVC-ClinicDB/Ground Truth/359.tif
134,/media/_data/datasets/CVC-ClinicDB/Original/575.tif,/media/_data/datasets/CVC-ClinicDB/Ground Truth/575.tif
135,/media/_data/datasets/CVC-ClinicDB/Original/495.tif,/media/_data/datasets/CVC-ClinicDB/Ground Truth/495.tif
136,/media/_data/datasets/CVC-ClinicDB/Original/275.tif,/media/_data/datasets/CVC-ClinicDB/Ground Truth/275.tif
137,/media/_data/datasets/CVC-ClinicDB/Original/170.tif,/media/_data/datasets/CVC-ClinicDB/Ground Truth/170.tif
138,/media/_data/datasets/CVC-ClinicDB/Original/486.tif,/media/_data/datasets/CVC-ClinicDB/Ground Truth/486.tif
139,/media/_data/datasets/CVC-ClinicDB/Original/192.tif,/media/_data/datasets/CVC-ClinicDB/Ground Truth/192.tif
140,/media/_data/datasets/CVC-ClinicDB/Original/528.tif,/media/_data/datasets/CVC-ClinicDB/Ground Truth/528.tif
141,/media/_data/datasets/CVC-ClinicDB/Original/241.tif,/media/_data/datasets/CVC-ClinicDB/Ground Truth/241.tif
142,/media/_data/datasets/CVC-ClinicDB/Original/425.tif,/media/_data/datasets/CVC-ClinicDB/Ground Truth/425.tif
143,/media/_data/datasets/CVC-ClinicDB/Original/474.tif,/media/_data/datasets/CVC-ClinicDB/Ground Truth/474.tif
144,/media/_data/datasets/CVC-ClinicDB/Original/432.tif,/media/_data/datasets/CVC-ClinicDB/Ground Truth/432.tif
145,/media/_data/datasets/CVC-ClinicDB/Original/379.tif,/media/_data/datasets/CVC-ClinicDB/Ground Truth/379.tif
146,/media/_data/datasets/CVC-ClinicDB/Original/2.tif,/media/_data/datasets/CVC-ClinicDB/Ground Truth/2.tif
147,/media/_data/datasets/CVC-ClinicDB/Original/400.tif,/media/_data/datasets/CVC-ClinicDB/Ground Truth/400.tif
148,/media/_data/datasets/CVC-ClinicDB/Original/119.tif,/media/_data/datasets/CVC-ClinicDB/Ground Truth/119.tif
149,/media/_data/datasets/CVC-ClinicDB/Original/586.tif,/media/_data/datasets/CVC-ClinicDB/Ground Truth/586.tif
150,/media/_data/datasets/CVC-ClinicDB/Original/73.tif,/media/_data/datasets/CVC-ClinicDB/Ground Truth/73.tif
151,/media/_data/datasets/CVC-ClinicDB/Original/581.tif,/media/_data/datasets/CVC-ClinicDB/Ground Truth/581.tif
152,/media/_data/datasets/CVC-ClinicDB/Original/148.tif,/media/_data/datasets/CVC-ClinicDB/Ground Truth/148.tif
153,/media/_data/datasets/CVC-ClinicDB/Original/154.tif,/media/_data/datasets/CVC-ClinicDB/Ground Truth/154.tif
154,/media/_data/datasets/CVC-ClinicDB/Original/121.tif,/media/_data/datasets/CVC-ClinicDB/Ground Truth/121.tif
155,/media/_data/datasets/CVC-ClinicDB/Original/604.tif,/media/_data/datasets/CVC-ClinicDB/Ground Truth/604.tif
156,/media/_data/datasets/CVC-ClinicDB/Original/356.tif,/media/_data/datasets/CVC-ClinicDB/Ground Truth/356.tif
157,/media/_data/datasets/CVC-ClinicDB/Original/298.tif,/media/_data/datasets/CVC-ClinicDB/Ground Truth/298.tif
158,/media/_data/datasets/CVC-ClinicDB/Original/249.tif,/media/_data/datasets/CVC-ClinicDB/Ground Truth/249.tif
159,/media/_data/datasets/CVC-ClinicDB/Original/159.tif,/media/_data/datasets/CVC-ClinicDB/Ground Truth/159.tif
160,/media/_data/datasets/CVC-ClinicDB/Original/544.tif,/media/_data/datasets/CVC-ClinicDB/Ground Truth/544.tif
161,/media/_data/datasets/CVC-ClinicDB/Original/97.tif,/media/_data/datasets/CVC-ClinicDB/Ground Truth/97.tif
162,/media/_data/datasets/CVC-ClinicDB/Original/344.tif,/media/_data/datasets/CVC-ClinicDB/Ground Truth/344.tif
163,/media/_data/datasets/CVC-ClinicDB/Original/11.tif,/media/_data/datasets/CVC-ClinicDB/Ground Truth/11.tif
164,/media/_data/datasets/CVC-ClinicDB/Original/272.tif,/media/_data/datasets/CVC-ClinicDB/Ground Truth/272.tif
165,/media/_data/datasets/CVC-ClinicDB/Original/437.tif,/media/_data/datasets/CVC-ClinicDB/Ground Truth/437.tif
166,/media/_data/datasets/CVC-ClinicDB/Original/477.tif,/media/_data/datasets/CVC-ClinicDB/Ground Truth/477.tif
167,/media/_data/datasets/CVC-ClinicDB/Original/186.tif,/media/_data/datasets/CVC-ClinicDB/Ground Truth/186.tif
168,/media/_data/datasets/CVC-ClinicDB/Original/479.tif,/media/_data/datasets/CVC-ClinicDB/Ground Truth/479.tif
169,/media/_data/datasets/CVC-ClinicDB/Original/155.tif,/media/_data/datasets/CVC-ClinicDB/Ground Truth/155.tif
170,/media/_data/datasets/CVC-ClinicDB/Original/131.tif,/media/_data/datasets/CVC-ClinicDB/Ground Truth/131.tif
171,/media/_data/datasets/CVC-ClinicDB/Original/178.tif,/media/_data/datasets/CVC-ClinicDB/Ground Truth/178.tif
172,/media/_data/datasets/CVC-ClinicDB/Original/493.tif,/media/_data/datasets/CVC-ClinicDB/Ground Truth/493.tif
173,/media/_data/datasets/CVC-ClinicDB/Original/389.tif,/media/_data/datasets/CVC-ClinicDB/Ground Truth/389.tif
174,/media/_data/datasets/CVC-ClinicDB/Original/90.tif,/media/_data/datasets/CVC-ClinicDB/Ground Truth/90.tif
175,/media/_data/datasets/CVC-ClinicDB/Original/198.tif,/media/_data/datasets/CVC-ClinicDB/Ground Truth/198.tif
176,/media/_data/datasets/CVC-ClinicDB/Original/543.tif,/media/_data/datasets/CVC-ClinicDB/Ground Truth/543.tif
177,/media/_data/datasets/CVC-ClinicDB/Original/548.tif,/media/_data/datasets/CVC-ClinicDB/Ground Truth/548.tif
178,/media/_data/datasets/CVC-ClinicDB/Original/158.tif,/media/_data/datasets/CVC-ClinicDB/Ground Truth/158.tif
179,/media/_data/datasets/CVC-ClinicDB/Original/562.tif,/media/_data/datasets/CVC-ClinicDB/Ground Truth/562.tif
180,/media/_data/datasets/CVC-ClinicDB/Original/263.tif,/media/_data/datasets/CVC-ClinicDB/Ground Truth/263.tif
181,/media/_data/datasets/CVC-ClinicDB/Original/125.tif,/media/_data/datasets/CVC-ClinicDB/Ground Truth/125.tif
182,/media/_data/datasets/CVC-ClinicDB/Original/535.tif,/media/_data/datasets/CVC-ClinicDB/Ground Truth/535.tif
183,/media/_data/datasets/CVC-ClinicDB/Original/246.tif,/media/_data/datasets/CVC-ClinicDB/Ground Truth/246.tif
184,/media/_data/datasets/CVC-ClinicDB/Original/137.tif,/media/_data/datasets/CVC-ClinicDB/Ground Truth/137.tif
185,/media/_data/datasets/CVC-ClinicDB/Original/218.tif,/media/_data/datasets/CVC-ClinicDB/Ground Truth/218.tif
186,/media/_data/datasets/CVC-ClinicDB/Original/112.tif,/media/_data/datasets/CVC-ClinicDB/Ground Truth/112.tif
187,/media/_data/datasets/CVC-ClinicDB/Original/91.tif,/media/_data/datasets/CVC-ClinicDB/Ground Truth/91.tif
188,/media/_data/datasets/CVC-ClinicDB/Original/149.tif,/media/_data/datasets/CVC-ClinicDB/Ground Truth/149.tif
189,/media/_data/datasets/CVC-ClinicDB/Original/199.tif,/media/_data/datasets/CVC-ClinicDB/Ground Truth/199.tif
190,/media/_data/datasets/CVC-ClinicDB/Original/508.tif,/media/_data/datasets/CVC-ClinicDB/Ground Truth/508.tif
191,/media/_data/datasets/CVC-ClinicDB/Original/480.tif,/media/_data/datasets/CVC-ClinicDB/Ground Truth/480.tif
192,/media/_data/datasets/CVC-ClinicDB/Original/612.tif,/media/_data/datasets/CVC-ClinicDB/Ground Truth/612.tif
193,/media/_data/datasets/CVC-ClinicDB/Original/89.tif,/media/_data/datasets/CVC-ClinicDB/Ground Truth/89.tif
194,/media/_data/datasets/CVC-ClinicDB/Original/456.tif,/media/_data/datasets/CVC-ClinicDB/Ground Truth/456.tif
195,/media/_data/datasets/CVC-ClinicDB/Original/285.tif,/media/_data/datasets/CVC-ClinicDB/Ground Truth/285.tif
196,/media/_data/datasets/CVC-ClinicDB/Original/504.tif,/media/_data/datasets/CVC-ClinicDB/Ground Truth/504.tif
197,/media/_data/datasets/CVC-ClinicDB/Original/139.tif,/media/_data/datasets/CVC-ClinicDB/Ground Truth/139.tif
198,/media/_data/datasets/CVC-ClinicDB/Original/355.tif,/media/_data/datasets/CVC-ClinicDB/Ground Truth/355.tif
199,/media/_data/datasets/CVC-ClinicDB/Original/559.tif,/media/_data/datasets/CVC-ClinicDB/Ground Truth/559.tif
200,/media/_data/datasets/CVC-ClinicDB/Original/72.tif,/media/_data/datasets/CVC-ClinicDB/Ground Truth/72.tif
201,/media/_data/datasets/CVC-ClinicDB/Original/308.tif,/media/_data/datasets/CVC-ClinicDB/Ground Truth/308.tif
202,/media/_data/datasets/CVC-ClinicDB/Original/8.tif,/media/_data/datasets/CVC-ClinicDB/Ground Truth/8.tif
203,/media/_data/datasets/CVC-ClinicDB/Original/106.tif,/media/_data/datasets/CVC-ClinicDB/Ground Truth/106.tif
204,/media/_data/datasets/CVC-ClinicDB/Original/183.tif,/media/_data/datasets/CVC-ClinicDB/Ground Truth/183.tif
205,/media/_data/datasets/CVC-ClinicDB/Original/484.tif,/media/_data/datasets/CVC-ClinicDB/Ground Truth/484.tif
206,/media/_data/datasets/CVC-ClinicDB/Original/518.tif,/media/_data/datasets/CVC-ClinicDB/Ground Truth/518.tif
207,/media/_data/datasets/CVC-ClinicDB/Original/496.tif,/media/_data/datasets/CVC-ClinicDB/Ground Truth/496.tif
208,/media/_data/datasets/CVC-ClinicDB/Original/268.tif,/media/_data/datasets/CVC-ClinicDB/Ground Truth/268.tif
209,/media/_data/datasets/CVC-ClinicDB/Original/409.tif,/media/_data/datasets/CVC-ClinicDB/Ground Truth/409.tif
210,/media/_data/datasets/CVC-ClinicDB/Original/578.tif,/media/_data/datasets/CVC-ClinicDB/Ground Truth/578.tif
211,/media/_data/datasets/CVC-ClinicDB/Original/491.tif,/media/_data/datasets/CVC-ClinicDB/Ground Truth/491.tif
212,/media/_data/datasets/CVC-ClinicDB/Original/553.tif,/media/_data/datasets/CVC-ClinicDB/Ground Truth/553.tif
213,/media/_data/datasets/CVC-ClinicDB/Original/394.tif,/media/_data/datasets/CVC-ClinicDB/Ground Truth/394.tif
214,/media/_data/datasets/CVC-ClinicDB/Original/248.tif,/media/_data/datasets/CVC-ClinicDB/Ground Truth/248.tif
215,/media/_data/datasets/CVC-ClinicDB/Original/108.tif,/media/_data/datasets/CVC-ClinicDB/Ground Truth/108.tif
216,/media/_data/datasets/CVC-ClinicDB/Original/34.tif,/media/_data/datasets/CVC-ClinicDB/Ground Truth/34.tif
217,/media/_data/datasets/CVC-ClinicDB/Original/93.tif,/media/_data/datasets/CVC-ClinicDB/Ground Truth/93.tif
218,/media/_data/datasets/CVC-ClinicDB/Original/87.tif,/media/_data/datasets/CVC-ClinicDB/Ground Truth/87.tif
219,/media/_data/datasets/CVC-ClinicDB/Original/513.tif,/media/_data/datasets/CVC-ClinicDB/Ground Truth/513.tif
220,/media/_data/datasets/CVC-ClinicDB/Original/551.tif,/media/_data/datasets/CVC-ClinicDB/Ground Truth/551.tif
221,/media/_data/datasets/CVC-ClinicDB/Original/587.tif,/media/_data/datasets/CVC-ClinicDB/Ground Truth/587.tif
222,/media/_data/datasets/CVC-ClinicDB/Original/295.tif,/media/_data/datasets/CVC-ClinicDB/Ground Truth/295.tif
223,/media/_data/datasets/CVC-ClinicDB/Original/383.tif,/media/_data/datasets/CVC-ClinicDB/Ground Truth/383.tif
224,/media/_data/datasets/CVC-ClinicDB/Original/233.tif,/media/_data/datasets/CVC-ClinicDB/Ground Truth/233.tif
225,/media/_data/datasets/CVC-ClinicDB/Original/326.tif,/media/_data/datasets/CVC-ClinicDB/Ground Truth/326.tif
226,/media/_data/datasets/CVC-ClinicDB/Original/583.tif,/media/_data/datasets/CVC-ClinicDB/Ground Truth/583.tif
227,/media/_data/datasets/CVC-ClinicDB/Original/441.tif,/media/_data/datasets/CVC-ClinicDB/Ground Truth/441.tif
228,/media/_data/datasets/CVC-ClinicDB/Original/485.tif,/media/_data/datasets/CVC-ClinicDB/Ground Truth/485.tif
229,/media/_data/datasets/CVC-ClinicDB/Original/450.tif,/media/_data/datasets/CVC-ClinicDB/Ground Truth/450.tif
230,/media/_data/datasets/CVC-ClinicDB/Original/601.tif,/media/_data/datasets/CVC-ClinicDB/Ground Truth/601.tif
231,/media/_data/datasets/CVC-ClinicDB/Original/532.tif,/media/_data/datasets/CVC-ClinicDB/Ground Truth/532.tif
232,/media/_data/datasets/CVC-ClinicDB/Original/256.tif,/media/_data/datasets/CVC-ClinicDB/Ground Truth/256.tif
233,/media/_data/datasets/CVC-ClinicDB/Original/95.tif,/media/_data/datasets/CVC-ClinicDB/Ground Truth/95.tif
234,/media/_data/datasets/CVC-ClinicDB/Original/213.tif,/media/_data/datasets/CVC-ClinicDB/Ground Truth/213.tif
235,/media/_data/datasets/CVC-ClinicDB/Original/286.tif,/media/_data/datasets/CVC-ClinicDB/Ground Truth/286.tif
236,/media/_data/datasets/CVC-ClinicDB/Original/537.tif,/media/_data/datasets/CVC-ClinicDB/Ground Truth/537.tif
237,/media/_data/datasets/CVC-ClinicDB/Original/390.tif,/media/_data/datasets/CVC-ClinicDB/Ground Truth/390.tif
238,/media/_data/datasets/CVC-ClinicDB/Original/431.tif,/media/_data/datasets/CVC-ClinicDB/Ground Truth/431.tif
239,/media/_data/datasets/CVC-ClinicDB/Original/252.tif,/media/_data/datasets/CVC-ClinicDB/Ground Truth/252.tif
240,/media/_data/datasets/CVC-ClinicDB/Original/313.tif,/media/_data/datasets/CVC-ClinicDB/Ground Truth/313.tif
241,/media/_data/datasets/CVC-ClinicDB/Original/414.tif,/media/_data/datasets/CVC-ClinicDB/Ground Truth/414.tif
242,/media/_data/datasets/CVC-ClinicDB/Original/103.tif,/media/_data/datasets/CVC-ClinicDB/Ground Truth/103.tif
243,/media/_data/datasets/CVC-ClinicDB/Original/478.tif,/media/_data/datasets/CVC-ClinicDB/Ground Truth/478.tif
244,/media/_data/datasets/CVC-ClinicDB/Original/302.tif,/media/_data/datasets/CVC-ClinicDB/Ground Truth/302.tif
245,/media/_data/datasets/CVC-ClinicDB/Original/605.tif,/media/_data/datasets/CVC-ClinicDB/Ground Truth/605.tif
246,/media/_data/datasets/CVC-ClinicDB/Original/318.tif,/media/_data/datasets/CVC-ClinicDB/Ground Truth/318.tif
247,/media/_data/datasets/CVC-ClinicDB/Original/320.tif,/media/_data/datasets/CVC-ClinicDB/Ground Truth/320.tif
248,/media/_data/datasets/CVC-ClinicDB/Original/194.tif,/media/_data/datasets/CVC-ClinicDB/Ground Truth/194.tif
249,/media/_data/datasets/CVC-ClinicDB/Original/515.tif,/media/_data/datasets/CVC-ClinicDB/Ground Truth/515.tif
250,/media/_data/datasets/CVC-ClinicDB/Original/310.tif,/media/_data/datasets/CVC-ClinicDB/Ground Truth/310.tif
251,/media/_data/datasets/CVC-ClinicDB/Original/347.tif,/media/_data/datasets/CVC-ClinicDB/Ground Truth/347.tif
252,/media/_data/datasets/CVC-ClinicDB/Original/143.tif,/media/_data/datasets/CVC-ClinicDB/Ground Truth/143.tif
253,/media/_data/datasets/CVC-ClinicDB/Original/443.tif,/media/_data/datasets/CVC-ClinicDB/Ground Truth/443.tif
254,/media/_data/datasets/CVC-ClinicDB/Original/30.tif,/media/_data/datasets/CVC-ClinicDB/Ground Truth/30.tif
255,/media/_data/datasets/CVC-ClinicDB/Original/568.tif,/media/_data/datasets/CVC-ClinicDB/Ground Truth/568.tif
256,/media/_data/datasets/CVC-ClinicDB/Original/481.tif,/media/_data/datasets/CVC-ClinicDB/Ground Truth/481.tif
257,/media/_data/datasets/CVC-ClinicDB/Original/99.tif,/media/_data/datasets/CVC-ClinicDB/Ground Truth/99.tif
258,/media/_data/datasets/CVC-ClinicDB/Original/111.tif,/media/_data/datasets/CVC-ClinicDB/Ground Truth/111.tif
259,/media/_data/datasets/CVC-ClinicDB/Original/69.tif,/media/_data/datasets/CVC-ClinicDB/Ground Truth/69.tif
260,/media/_data/datasets/CVC-ClinicDB/Original/563.tif,/media/_data/datasets/CVC-ClinicDB/Ground Truth/563.tif
261,/media/_data/datasets/CVC-ClinicDB/Original/533.tif,/media/_data/datasets/CVC-ClinicDB/Ground Truth/533.tif
262,/media/_data/datasets/CVC-ClinicDB/Original/502.tif,/media/_data/datasets/CVC-ClinicDB/Ground Truth/502.tif
263,/media/_data/datasets/CVC-ClinicDB/Original/200.tif,/media/_data/datasets/CVC-ClinicDB/Ground Truth/200.tif
264,/media/_data/datasets/CVC-ClinicDB/Original/340.tif,/media/_data/datasets/CVC-ClinicDB/Ground Truth/340.tif
265,/media/_data/datasets/CVC-ClinicDB/Original/22.tif,/media/_data/datasets/CVC-ClinicDB/Ground Truth/22.tif
266,/media/_data/datasets/CVC-ClinicDB/Original/366.tif,/media/_data/datasets/CVC-ClinicDB/Ground Truth/366.tif
267,/media/_data/datasets/CVC-ClinicDB/Original/177.tif,/media/_data/datasets/CVC-ClinicDB/Ground Truth/177.tif
268,/media/_data/datasets/CVC-ClinicDB/Original/223.tif,/media/_data/datasets/CVC-ClinicDB/Ground Truth/223.tif
269,/media/_data/datasets/CVC-ClinicDB/Original/188.tif,/media/_data/datasets/CVC-ClinicDB/Ground Truth/188.tif
270,/media/_data/datasets/CVC-ClinicDB/Original/109.tif,/media/_data/datasets/CVC-ClinicDB/Ground Truth/109.tif
271,/media/_data/datasets/CVC-ClinicDB/Original/371.tif,/media/_data/datasets/CVC-ClinicDB/Ground Truth/371.tif
272,/media/_data/datasets/CVC-ClinicDB/Original/337.tif,/media/_data/datasets/CVC-ClinicDB/Ground Truth/337.tif
273,/media/_data/datasets/CVC-ClinicDB/Original/264.tif,/media/_data/datasets/CVC-ClinicDB/Ground Truth/264.tif
274,/media/_data/datasets/CVC-ClinicDB/Original/132.tif,/media/_data/datasets/CVC-ClinicDB/Ground Truth/132.tif
275,/media/_data/datasets/CVC-ClinicDB/Original/46.tif,/media/_data/datasets/CVC-ClinicDB/Ground Truth/46.tif
276,/media/_data/datasets/CVC-ClinicDB/Original/489.tif,/media/_data/datasets/CVC-ClinicDB/Ground Truth/489.tif
277,/media/_data/datasets/CVC-ClinicDB/Original/602.tif,/media/_data/datasets/CVC-ClinicDB/Ground Truth/602.tif
278,/media/_data/datasets/CVC-ClinicDB/Original/227.tif,/media/_data/datasets/CVC-ClinicDB/Ground Truth/227.tif
279,/media/_data/datasets/CVC-ClinicDB/Original/49.tif,/media/_data/datasets/CVC-ClinicDB/Ground Truth/49.tif
280,/media/_data/datasets/CVC-ClinicDB/Original/181.tif,/media/_data/datasets/CVC-ClinicDB/Ground Truth/181.tif
281,/media/_data/datasets/CVC-ClinicDB/Original/415.tif,/media/_data/datasets/CVC-ClinicDB/Ground Truth/415.tif
282,/media/_data/datasets/CVC-ClinicDB/Original/530.tif,/media/_data/datasets/CVC-ClinicDB/Ground Truth/530.tif
283,/media/_data/datasets/CVC-ClinicDB/Original/9.tif,/media/_data/datasets/CVC-ClinicDB/Ground Truth/9.tif
284,/media/_data/datasets/CVC-ClinicDB/Original/288.tif,/media/_data/datasets/CVC-ClinicDB/Ground Truth/288.tif
285,/media/_data/datasets/CVC-ClinicDB/Original/595.tif,/media/_data/datasets/CVC-ClinicDB/Ground Truth/595.tif
286,/media/_data/datasets/CVC-ClinicDB/Original/43.tif,/media/_data/datasets/CVC-ClinicDB/Ground Truth/43.tif
287,/media/_data/datasets/CVC-ClinicDB/Original/321.tif,/media/_data/datasets/CVC-ClinicDB/Ground Truth/321.tif
288,/media/_data/datasets/CVC-ClinicDB/Original/283.tif,/media/_data/datasets/CVC-ClinicDB/Ground Truth/283.tif
289,/media/_data/datasets/CVC-ClinicDB/Original/370.tif,/media/_data/datasets/CVC-ClinicDB/Ground Truth/370.tif
290,/media/_data/datasets/CVC-ClinicDB/Original/429.tif,/media/_data/datasets/CVC-ClinicDB/Ground Truth/429.tif
291,/media/_data/datasets/CVC-ClinicDB/Original/469.tif,/media/_data/datasets/CVC-ClinicDB/Ground Truth/469.tif
292,/media/_data/datasets/CVC-ClinicDB/Original/153.tif,/media/_data/datasets/CVC-ClinicDB/Ground Truth/153.tif
293,/media/_data/datasets/CVC-ClinicDB/Original/360.tif,/media/_data/datasets/CVC-ClinicDB/Ground Truth/360.tif
294,/media/_data/datasets/CVC-ClinicDB/Original/169.tif,/media/_data/datasets/CVC-ClinicDB/Ground Truth/169.tif
295,/media/_data/datasets/CVC-ClinicDB/Original/62.tif,/media/_data/datasets/CVC-ClinicDB/Ground Truth/62.tif
296,/media/_data/datasets/CVC-ClinicDB/Original/84.tif,/media/_data/datasets/CVC-ClinicDB/Ground Truth/84.tif
297,/media/_data/datasets/CVC-ClinicDB/Original/402.tif,/media/_data/datasets/CVC-ClinicDB/Ground Truth/402.tif
298,/media/_data/datasets/CVC-ClinicDB/Original/179.tif,/media/_data/datasets/CVC-ClinicDB/Ground Truth/179.tif
299,/media/_data/datasets/CVC-ClinicDB/Original/327.tif,/media/_data/datasets/CVC-ClinicDB/Ground Truth/327.tif
300,/media/_data/datasets/CVC-ClinicDB/Original/315.tif,/media/_data/datasets/CVC-ClinicDB/Ground Truth/315.tif
301,/media/_data/datasets/CVC-ClinicDB/Original/542.tif,/media/_data/datasets/CVC-ClinicDB/Ground Truth/542.tif
302,/media/_data/datasets/CVC-ClinicDB/Original/517.tif,/media/_data/datasets/CVC-ClinicDB/Ground Truth/517.tif
303,/media/_data/datasets/CVC-ClinicDB/Original/423.tif,/media/_data/datasets/CVC-ClinicDB/Ground Truth/423.tif
304,/media/_data/datasets/CVC-ClinicDB/Original/430.tif,/media/_data/datasets/CVC-ClinicDB/Ground Truth/430.tif
305,/media/_data/datasets/CVC-ClinicDB/Original/503.tif,/media/_data/datasets/CVC-ClinicDB/Ground Truth/503.tif
306,/media/_data/datasets/CVC-ClinicDB/Original/294.tif,/media/_data/datasets/CVC-ClinicDB/Ground Truth/294.tif
307,/media/_data/datasets/CVC-ClinicDB/Original/266.tif,/media/_data/datasets/CVC-ClinicDB/Ground Truth/266.tif
308,/media/_data/datasets/CVC-ClinicDB/Original/378.tif,/media/_data/datasets/CVC-ClinicDB/Ground Truth/378.tif
309,/media/_data/datasets/CVC-ClinicDB/Original/448.tif,/media/_data/datasets/CVC-ClinicDB/Ground Truth/448.tif
310,/media/_data/datasets/CVC-ClinicDB/Original/451.tif,/media/_data/datasets/CVC-ClinicDB/Ground Truth/451.tif
311,/media/_data/datasets/CVC-ClinicDB/Original/228.tif,/media/_data/datasets/CVC-ClinicDB/Ground Truth/228.tif
312,/media/_data/datasets/CVC-ClinicDB/Original/122.tif,/media/_data/datasets/CVC-ClinicDB/Ground Truth/122.tif
313,/media/_data/datasets/CVC-ClinicDB/Original/438.tif,/media/_data/datasets/CVC-ClinicDB/Ground Truth/438.tif
314,/media/_data/datasets/CVC-ClinicDB/Original/166.tif,/media/_data/datasets/CVC-ClinicDB/Ground Truth/166.tif
315,/media/_data/datasets/CVC-ClinicDB/Original/334.tif,/media/_data/datasets/CVC-ClinicDB/Ground Truth/334.tif
316,/media/_data/datasets/CVC-ClinicDB/Original/593.tif,/media/_data/datasets/CVC-ClinicDB/Ground Truth/593.tif
317,/media/_data/datasets/CVC-ClinicDB/Original/460.tif,/media/_data/datasets/CVC-ClinicDB/Ground Truth/460.tif
318,/media/_data/datasets/CVC-ClinicDB/Original/516.tif,/media/_data/datasets/CVC-ClinicDB/Ground Truth/516.tif
319,/media/_data/datasets/CVC-ClinicDB/Original/39.tif,/media/_data/datasets/CVC-ClinicDB/Ground Truth/39.tif
320,/media/_data/datasets/CVC-ClinicDB/Original/598.tif,/media/_data/datasets/CVC-ClinicDB/Ground Truth/598.tif
321,/media/_data/datasets/CVC-ClinicDB/Original/67.tif,/media/_data/datasets/CVC-ClinicDB/Ground Truth/67.tif
322,/media/_data/datasets/CVC-ClinicDB/Original/333.tif,/media/_data/datasets/CVC-ClinicDB/Ground Truth/333.tif
323,/media/_data/datasets/CVC-ClinicDB/Original/94.tif,/media/_data/datasets/CVC-ClinicDB/Ground Truth/94.tif
324,/media/_data/datasets/CVC-ClinicDB/Original/173.tif,/media/_data/datasets/CVC-ClinicDB/Ground Truth/173.tif
325,/media/_data/datasets/CVC-ClinicDB/Original/476.tif,/media/_data/datasets/CVC-ClinicDB/Ground Truth/476.tif
326,/media/_data/datasets/CVC-ClinicDB/Original/243.tif,/media/_data/datasets/CVC-ClinicDB/Ground Truth/243.tif
327,/media/_data/datasets/CVC-ClinicDB/Original/82.tif,/media/_data/datasets/CVC-ClinicDB/Ground Truth/82.tif
328,/media/_data/datasets/CVC-ClinicDB/Original/304.tif,/media/_data/datasets/CVC-ClinicDB/Ground Truth/304.tif
329,/media/_data/datasets/CVC-ClinicDB/Original/265.tif,/media/_data/datasets/CVC-ClinicDB/Ground Truth/265.tif
330,/media/_data/datasets/CVC-ClinicDB/Original/140.tif,/media/_data/datasets/CVC-ClinicDB/Ground Truth/140.tif
331,/media/_data/datasets/CVC-ClinicDB/Original/83.tif,/media/_data/datasets/CVC-ClinicDB/Ground Truth/83.tif
332,/media/_data/datasets/CVC-ClinicDB/Original/216.tif,/media/_data/datasets/CVC-ClinicDB/Ground Truth/216.tif
333,/media/_data/datasets/CVC-ClinicDB/Original/391.tif,/media/_data/datasets/CVC-ClinicDB/Ground Truth/391.tif
334,/media/_data/datasets/CVC-ClinicDB/Original/1.tif,/media/_data/datasets/CVC-ClinicDB/Ground Truth/1.tif
335,/media/_data/datasets/CVC-ClinicDB/Original/607.tif,/media/_data/datasets/CVC-ClinicDB/Ground Truth/607.tif
336,/media/_data/datasets/CVC-ClinicDB/Original/4.tif,/media/_data/datasets/CVC-ClinicDB/Ground Truth/4.tif
337,/media/_data/datasets/CVC-ClinicDB/Original/597.tif,/media/_data/datasets/CVC-ClinicDB/Ground Truth/597.tif
338,/media/_data/datasets/CVC-ClinicDB/Original/461.tif,/media/_data/datasets/CVC-ClinicDB/Ground Truth/461.tif
339,/media/_data/datasets/CVC-ClinicDB/Original/324.tif,/media/_data/datasets/CVC-ClinicDB/Ground Truth/324.tif
340,/media/_data/datasets/CVC-ClinicDB/Original/589.tif,/media/_data/datasets/CVC-ClinicDB/Ground Truth/589.tif
341,/media/_data/datasets/CVC-ClinicDB/Original/189.tif,/media/_data/datasets/CVC-ClinicDB/Ground Truth/189.tif
342,/media/_data/datasets/CVC-ClinicDB/Original/331.tif,/media/_data/datasets/CVC-ClinicDB/Ground Truth/331.tif
343,/media/_data/datasets/CVC-ClinicDB/Original/245.tif,/media/_data/datasets/CVC-ClinicDB/Ground Truth/245.tif
344,/media/_data/datasets/CVC-ClinicDB/Original/369.tif,/media/_data/datasets/CVC-ClinicDB/Ground Truth/369.tif
345,/media/_data/datasets/CVC-ClinicDB/Original/105.tif,/media/_data/datasets/CVC-ClinicDB/Ground Truth/105.tif
346,/media/_data/datasets/CVC-ClinicDB/Original/19.tif,/media/_data/datasets/CVC-ClinicDB/Ground Truth/19.tif
347,/media/_data/datasets/CVC-ClinicDB/Original/501.tif,/media/_data/datasets/CVC-ClinicDB/Ground Truth/501.tif
348,/media/_data/datasets/CVC-ClinicDB/Original/492.tif,/media/_data/datasets/CVC-ClinicDB/Ground Truth/492.tif
349,/media/_data/datasets/CVC-ClinicDB/Original/599.tif,/media/_data/datasets/CVC-ClinicDB/Ground Truth/599.tif
350,/media/_data/datasets/CVC-ClinicDB/Original/102.tif,/media/_data/datasets/CVC-ClinicDB/Ground Truth/102.tif
351,/media/_data/datasets/CVC-ClinicDB/Original/317.tif,/media/_data/datasets/CVC-ClinicDB/Ground Truth/317.tif
352,/media/_data/datasets/CVC-ClinicDB/Original/545.tif,/media/_data/datasets/CVC-ClinicDB/Ground Truth/545.tif
353,/media/_data/datasets/CVC-ClinicDB/Original/519.tif,/media/_data/datasets/CVC-ClinicDB/Ground Truth/519.tif
354,/media/_data/datasets/CVC-ClinicDB/Original/33.tif,/media/_data/datasets/CVC-ClinicDB/Ground Truth/33.tif
355,/media/_data/datasets/CVC-ClinicDB/Original/342.tif,/media/_data/datasets/CVC-ClinicDB/Ground Truth/342.tif
356,/media/_data/datasets/CVC-ClinicDB/Original/292.tif,/media/_data/datasets/CVC-ClinicDB/Ground Truth/292.tif
357,/media/_data/datasets/CVC-ClinicDB/Original/434.tif,/media/_data/datasets/CVC-ClinicDB/Ground Truth/434.tif
358,/media/_data/datasets/CVC-ClinicDB/Original/172.tif,/media/_data/datasets/CVC-ClinicDB/Ground Truth/172.tif
359,/media/_data/datasets/CVC-ClinicDB/Original/521.tif,/media/_data/datasets/CVC-ClinicDB/Ground Truth/521.tif
360,/media/_data/datasets/CVC-ClinicDB/Original/606.tif,/media/_data/datasets/CVC-ClinicDB/Ground Truth/606.tif
361,/media/_data/datasets/CVC-ClinicDB/Original/280.tif,/media/_data/datasets/CVC-ClinicDB/Ground Truth/280.tif
362,/media/_data/datasets/CVC-ClinicDB/Original/202.tif,/media/_data/datasets/CVC-ClinicDB/Ground Truth/202.tif
363,/media/_data/datasets/CVC-ClinicDB/Original/267.tif,/media/_data/datasets/CVC-ClinicDB/Ground Truth/267.tif
364,/media/_data/datasets/CVC-ClinicDB/Original/488.tif,/media/_data/datasets/CVC-ClinicDB/Ground Truth/488.tif
365,/media/_data/datasets/CVC-ClinicDB/Original/174.tif,/media/_data/datasets/CVC-ClinicDB/Ground Truth/174.tif
366,/media/_data/datasets/CVC-ClinicDB/Original/363.tif,/media/_data/datasets/CVC-ClinicDB/Ground Truth/363.tif
367,/media/_data/datasets/CVC-ClinicDB/Original/534.tif,/media/_data/datasets/CVC-ClinicDB/Ground Truth/534.tif
368,/media/_data/datasets/CVC-ClinicDB/Original/510.tif,/media/_data/datasets/CVC-ClinicDB/Ground Truth/510.tif
369,/media/_data/datasets/CVC-ClinicDB/Original/162.tif,/media/_data/datasets/CVC-ClinicDB/Ground Truth/162.tif
370,/media/_data/datasets/CVC-ClinicDB/Original/594.tif,/media/_data/datasets/CVC-ClinicDB/Ground Truth/594.tif
371,/media/_data/datasets/CVC-ClinicDB/Original/582.tif,/media/_data/datasets/CVC-ClinicDB/Ground Truth/582.tif
372,/media/_data/datasets/CVC-ClinicDB/Original/151.tif,/media/_data/datasets/CVC-ClinicDB/Ground Truth/151.tif
373,/media/_data/datasets/CVC-ClinicDB/Original/580.tif,/media/_data/datasets/CVC-ClinicDB/Ground Truth/580.tif
374,/media/_data/datasets/CVC-ClinicDB/Original/269.tif,/media/_data/datasets/CVC-ClinicDB/Ground Truth/269.tif
375,/media/_data/datasets/CVC-ClinicDB/Original/367.tif,/media/_data/datasets/CVC-ClinicDB/Ground Truth/367.tif
376,/media/_data/datasets/CVC-ClinicDB/Original/63.tif,/media/_data/datasets/CVC-ClinicDB/Ground Truth/63.tif
377,/media/_data/datasets/CVC-ClinicDB/Original/459.tif,/media/_data/datasets/CVC-ClinicDB/Ground Truth/459.tif
378,/media/_data/datasets/CVC-ClinicDB/Original/473.tif,/media/_data/datasets/CVC-ClinicDB/Ground Truth/473.tif
379,/media/_data/datasets/CVC-ClinicDB/Original/136.tif,/media/_data/datasets/CVC-ClinicDB/Ground Truth/136.tif
380,/media/_data/datasets/CVC-ClinicDB/Original/555.tif,/media/_data/datasets/CVC-ClinicDB/Ground Truth/555.tif
381,/media/_data/datasets/CVC-ClinicDB/Original/358.tif,/media/_data/datasets/CVC-ClinicDB/Ground Truth/358.tif
382,/media/_data/datasets/CVC-ClinicDB/Original/311.tif,/media/_data/datasets/CVC-ClinicDB/Ground Truth/311.tif
383,/media/_data/datasets/CVC-ClinicDB/Original/585.tif,/media/_data/datasets/CVC-ClinicDB/Ground Truth/585.tif
384,/media/_data/datasets/CVC-ClinicDB/Original/372.tif,/media/_data/datasets/CVC-ClinicDB/Ground Truth/372.tif
385,/media/_data/datasets/CVC-ClinicDB/Original/377.tif,/media/_data/datasets/CVC-ClinicDB/Ground Truth/377.tif
386,/media/_data/datasets/CVC-ClinicDB/Original/92.tif,/media/_data/datasets/CVC-ClinicDB/Ground Truth/92.tif
387,/media/_data/datasets/CVC-ClinicDB/Original/71.tif,/media/_data/datasets/CVC-ClinicDB/Ground Truth/71.tif
388,/media/_data/datasets/CVC-ClinicDB/Original/130.tif,/media/_data/datasets/CVC-ClinicDB/Ground Truth/130.tif
389,/media/_data/datasets/CVC-ClinicDB/Original/475.tif,/media/_data/datasets/CVC-ClinicDB/Ground Truth/475.tif
390,/media/_data/datasets/CVC-ClinicDB/Original/440.tif,/media/_data/datasets/CVC-ClinicDB/Ground Truth/440.tif
391,/media/_data/datasets/CVC-ClinicDB/Original/29.tif,/media/_data/datasets/CVC-ClinicDB/Ground Truth/29.tif
392,/media/_data/datasets/CVC-ClinicDB/Original/59.tif,/media/_data/datasets/CVC-ClinicDB/Ground Truth/59.tif
393,/media/_data/datasets/CVC-ClinicDB/Original/348.tif,/media/_data/datasets/CVC-ClinicDB/Ground Truth/348.tif
394,/media/_data/datasets/CVC-ClinicDB/Original/18.tif,/media/_data/datasets/CVC-ClinicDB/Ground Truth/18.tif
395,/media/_data/datasets/CVC-ClinicDB/Original/339.tif,/media/_data/datasets/CVC-ClinicDB/Ground Truth/339.tif
396,/media/_data/datasets/CVC-ClinicDB/Original/165.tif,/media/_data/datasets/CVC-ClinicDB/Ground Truth/165.tif
397,/media/_data/datasets/CVC-ClinicDB/Original/388.tif,/media/_data/datasets/CVC-ClinicDB/Ground Truth/388.tif
398,/media/_data/datasets/CVC-ClinicDB/Original/433.tif,/media/_data/datasets/CVC-ClinicDB/Ground Truth/433.tif
399,/media/_data/datasets/CVC-ClinicDB/Original/556.tif,/media/_data/datasets/CVC-ClinicDB/Ground Truth/556.tif
400,/media/_data/datasets/CVC-ClinicDB/Original/79.tif,/media/_data/datasets/CVC-ClinicDB/Ground Truth/79.tif
401,/media/_data/datasets/CVC-ClinicDB/Original/270.tif,/media/_data/datasets/CVC-ClinicDB/Ground Truth/270.tif
402,/media/_data/datasets/CVC-ClinicDB/Original/129.tif,/media/_data/datasets/CVC-ClinicDB/Ground Truth/129.tif
403,/media/_data/datasets/CVC-ClinicDB/Original/610.tif,/media/_data/datasets/CVC-ClinicDB/Ground Truth/610.tif
404,/media/_data/datasets/CVC-ClinicDB/Original/574.tif,/media/_data/datasets/CVC-ClinicDB/Ground Truth/574.tif
405,/media/_data/datasets/CVC-ClinicDB/Original/65.tif,/media/_data/datasets/CVC-ClinicDB/Ground Truth/65.tif
406,/media/_data/datasets/CVC-ClinicDB/Original/175.tif,/media/_data/datasets/CVC-ClinicDB/Ground Truth/175.tif
407,/media/_data/datasets/CVC-ClinicDB/Original/135.tif,/media/_data/datasets/CVC-ClinicDB/Ground Truth/135.tif
408,/media/_data/datasets/CVC-ClinicDB/Original/494.tif,/media/_data/datasets/CVC-ClinicDB/Ground Truth/494.tif
409,/media/_data/datasets/CVC-ClinicDB/Original/225.tif,/media/_data/datasets/CVC-ClinicDB/Ground Truth/225.tif
410,/media/_data/datasets/CVC-ClinicDB/Original/365.tif,/media/_data/datasets/CVC-ClinicDB/Ground Truth/365.tif
411,/media/_data/datasets/CVC-ClinicDB/Original/343.tif,/media/_data/datasets/CVC-ClinicDB/Ground Truth/343.tif
412,/media/_data/datasets/CVC-ClinicDB/Original/36.tif,/media/_data/datasets/CVC-ClinicDB/Ground Truth/36.tif
413,/media/_data/datasets/CVC-ClinicDB/Original/219.tif,/media/_data/datasets/CVC-ClinicDB/Ground Truth/219.tif
414,/media/_data/datasets/CVC-ClinicDB/Original/205.tif,/media/_data/datasets/CVC-ClinicDB/Ground Truth/205.tif
415,/media/_data/datasets/CVC-ClinicDB/Original/133.tif,/media/_data/datasets/CVC-ClinicDB/Ground Truth/133.tif
416,/media/_data/datasets/CVC-ClinicDB/Original/13.tif,/media/_data/datasets/CVC-ClinicDB/Ground Truth/13.tif
417,/media/_data/datasets/CVC-ClinicDB/Original/609.tif,/media/_data/datasets/CVC-ClinicDB/Ground Truth/609.tif
418,/media/_data/datasets/CVC-ClinicDB/Original/10.tif,/media/_data/datasets/CVC-ClinicDB/Ground Truth/10.tif
419,/media/_data/datasets/CVC-ClinicDB/Original/520.tif,/media/_data/datasets/CVC-ClinicDB/Ground Truth/520.tif
420,/media/_data/datasets/CVC-ClinicDB/Original/323.tif,/media/_data/datasets/CVC-ClinicDB/Ground Truth/323.tif
421,/media/_data/datasets/CVC-ClinicDB/Original/319.tif,/media/_data/datasets/CVC-ClinicDB/Ground Truth/319.tif
422,/media/_data/datasets/CVC-ClinicDB/Original/164.tif,/media/_data/datasets/CVC-ClinicDB/Ground Truth/164.tif
423,/media/_data/datasets/CVC-ClinicDB/Original/54.tif,/media/_data/datasets/CVC-ClinicDB/Ground Truth/54.tif
424,/media/_data/datasets/CVC-ClinicDB/Original/180.tif,/media/_data/datasets/CVC-ClinicDB/Ground Truth/180.tif
425,/media/_data/datasets/CVC-ClinicDB/Original/499.tif,/media/_data/datasets/CVC-ClinicDB/Ground Truth/499.tif
426,/media/_data/datasets/CVC-ClinicDB/Original/215.tif,/media/_data/datasets/CVC-ClinicDB/Ground Truth/215.tif
427,/media/_data/datasets/CVC-ClinicDB/Original/407.tif,/media/_data/datasets/CVC-ClinicDB/Ground Truth/407.tif
428,/media/_data/datasets/CVC-ClinicDB/Original/558.tif,/media/_data/datasets/CVC-ClinicDB/Ground Truth/558.tif
429,/media/_data/datasets/CVC-ClinicDB/Original/422.tif,/media/_data/datasets/CVC-ClinicDB/Ground Truth/422.tif
430,/media/_data/datasets/CVC-ClinicDB/Original/48.tif,/media/_data/datasets/CVC-ClinicDB/Ground Truth/48.tif
431,/media/_data/datasets/CVC-ClinicDB/Original/306.tif,/media/_data/datasets/CVC-ClinicDB/Ground Truth/306.tif
432,/media/_data/datasets/CVC-ClinicDB/Original/487.tif,/media/_data/datasets/CVC-ClinicDB/Ground Truth/487.tif
433,/media/_data/datasets/CVC-ClinicDB/Original/572.tif,/media/_data/datasets/CVC-ClinicDB/Ground Truth/572.tif
434,/media/_data/datasets/CVC-ClinicDB/Original/603.tif,/media/_data/datasets/CVC-ClinicDB/Ground Truth/603.tif
435,/media/_data/datasets/CVC-ClinicDB/Original/404.tif,/media/_data/datasets/CVC-ClinicDB/Ground Truth/404.tif
436,/media/_data/datasets/CVC-ClinicDB/Original/5.tif,/media/_data/datasets/CVC-ClinicDB/Ground Truth/5.tif
437,/media/_data/datasets/CVC-ClinicDB/Original/529.tif,/media/_data/datasets/CVC-ClinicDB/Ground Truth/529.tif
438,/media/_data/datasets/CVC-ClinicDB/Original/277.tif,/media/_data/datasets/CVC-ClinicDB/Ground Truth/277.tif
439,/media/_data/datasets/CVC-ClinicDB/Original/375.tif,/media/_data/datasets/CVC-ClinicDB/Ground Truth/375.tif
440,/media/_data/datasets/CVC-ClinicDB/Original/235.tif,/media/_data/datasets/CVC-ClinicDB/Ground Truth/235.tif
441,/media/_data/datasets/CVC-ClinicDB/Original/255.tif,/media/_data/datasets/CVC-ClinicDB/Ground Truth/255.tif
442,/media/_data/datasets/CVC-ClinicDB/Original/141.tif,/media/_data/datasets/CVC-ClinicDB/Ground Truth/141.tif
443,/media/_data/datasets/CVC-ClinicDB/Original/197.tif,/media/_data/datasets/CVC-ClinicDB/Ground Truth/197.tif
444,/media/_data/datasets/CVC-ClinicDB/Original/259.tif,/media/_data/datasets/CVC-ClinicDB/Ground Truth/259.tif
445,/media/_data/datasets/CVC-ClinicDB/Original/576.tif,/media/_data/datasets/CVC-ClinicDB/Ground Truth/576.tif
446,/media/_data/datasets/CVC-ClinicDB/Original/309.tif,/media/_data/datasets/CVC-ClinicDB/Ground Truth/309.tif
447,/media/_data/datasets/CVC-ClinicDB/Original/287.tif,/media/_data/datasets/CVC-ClinicDB/Ground Truth/287.tif
448,/media/_data/datasets/CVC-ClinicDB/Original/38.tif,/media/_data/datasets/CVC-ClinicDB/Ground Truth/38.tif
449,/media/_data/datasets/CVC-ClinicDB/Original/75.tif,/media/_data/datasets/CVC-ClinicDB/Ground Truth/75.tif
450,/media/_data/datasets/CVC-ClinicDB/Original/385.tif,/media/_data/datasets/CVC-ClinicDB/Ground Truth/385.tif
451,/media/_data/datasets/CVC-ClinicDB/Original/191.tif,/media/_data/datasets/CVC-ClinicDB/Ground Truth/191.tif
452,/media/_data/datasets/CVC-ClinicDB/Original/416.tif,/media/_data/datasets/CVC-ClinicDB/Ground Truth/416.tif
453,/media/_data/datasets/CVC-ClinicDB/Original/293.tif,/media/_data/datasets/CVC-ClinicDB/Ground Truth/293.tif
454,/media/_data/datasets/CVC-ClinicDB/Original/76.tif,/media/_data/datasets/CVC-ClinicDB/Ground Truth/76.tif
455,/media/_data/datasets/CVC-ClinicDB/Original/56.tif,/media/_data/datasets/CVC-ClinicDB/Ground Truth/56.tif
456,/media/_data/datasets/CVC-ClinicDB/Original/31.tif,/media/_data/datasets/CVC-ClinicDB/Ground Truth/31.tif
457,/media/_data/datasets/CVC-ClinicDB/Original/464.tif,/media/_data/datasets/CVC-ClinicDB/Ground Truth/464.tif
458,/media/_data/datasets/CVC-ClinicDB/Original/349.tif,/media/_data/datasets/CVC-ClinicDB/Ground Truth/349.tif
459,/media/_data/datasets/CVC-ClinicDB/Original/86.tif,/media/_data/datasets/CVC-ClinicDB/Ground Truth/86.tif
460,/media/_data/datasets/CVC-ClinicDB/Original/398.tif,/media/_data/datasets/CVC-ClinicDB/Ground Truth/398.tif
461,/media/_data/datasets/CVC-ClinicDB/Original/15.tif,/media/_data/datasets/CVC-ClinicDB/Ground Truth/15.tif
462,/media/_data/datasets/CVC-ClinicDB/Original/511.tif,/media/_data/datasets/CVC-ClinicDB/Ground Truth/511.tif
463,/media/_data/datasets/CVC-ClinicDB/Original/160.tif,/media/_data/datasets/CVC-ClinicDB/Ground Truth/160.tif
464,/media/_data/datasets/CVC-ClinicDB/Original/77.tif,/media/_data/datasets/CVC-ClinicDB/Ground Truth/77.tif
465,/media/_data/datasets/CVC-ClinicDB/Original/290.tif,/media/_data/datasets/CVC-ClinicDB/Ground Truth/290.tif
466,/media/_data/datasets/CVC-ClinicDB/Original/368.tif,/media/_data/datasets/CVC-ClinicDB/Ground Truth/368.tif
467,/media/_data/datasets/CVC-ClinicDB/Original/571.tif,/media/_data/datasets/CVC-ClinicDB/Ground Truth/571.tif
468,/media/_data/datasets/CVC-ClinicDB/Original/52.tif,/media/_data/datasets/CVC-ClinicDB/Ground Truth/52.tif
469,/media/_data/datasets/CVC-ClinicDB/Original/557.tif,/media/_data/datasets/CVC-ClinicDB/Ground Truth/557.tif
470,/media/_data/datasets/CVC-ClinicDB/Original/514.tif,/media/_data/datasets/CVC-ClinicDB/Ground Truth/514.tif
471,/media/_data/datasets/CVC-ClinicDB/Original/17.tif,/media/_data/datasets/CVC-ClinicDB/Ground Truth/17.tif
472,/media/_data/datasets/CVC-ClinicDB/Original/107.tif,/media/_data/datasets/CVC-ClinicDB/Ground Truth/107.tif
473,/media/_data/datasets/CVC-ClinicDB/Original/212.tif,/media/_data/datasets/CVC-ClinicDB/Ground Truth/212.tif
474,/media/_data/datasets/CVC-ClinicDB/Original/472.tif,/media/_data/datasets/CVC-ClinicDB/Ground Truth/472.tif
475,/media/_data/datasets/CVC-ClinicDB/Original/207.tif,/media/_data/datasets/CVC-ClinicDB/Ground Truth/207.tif
476,/media/_data/datasets/CVC-ClinicDB/Original/96.tif,/media/_data/datasets/CVC-ClinicDB/Ground Truth/96.tif
477,/media/_data/datasets/CVC-ClinicDB/Original/110.tif,/media/_data/datasets/CVC-ClinicDB/Ground Truth/110.tif
478,/media/_data/datasets/CVC-ClinicDB/Original/145.tif,/media/_data/datasets/CVC-ClinicDB/Ground Truth/145.tif
479,/media/_data/datasets/CVC-ClinicDB/Original/32.tif,/media/_data/datasets/CVC-ClinicDB/Ground Truth/32.tif
480,/media/_data/datasets/CVC-ClinicDB/Original/577.tif,/media/_data/datasets/CVC-ClinicDB/Ground Truth/577.tif
481,/media/_data/datasets/CVC-ClinicDB/Original/449.tif,/media/_data/datasets/CVC-ClinicDB/Ground Truth/449.tif
482,/media/_data/datasets/CVC-ClinicDB/Original/138.tif,/media/_data/datasets/CVC-ClinicDB/Ground Truth/138.tif
483,/media/_data/datasets/CVC-ClinicDB/Original/590.tif,/media/_data/datasets/CVC-ClinicDB/Ground Truth/590.tif
484,/media/_data/datasets/CVC-ClinicDB/Original/206.tif,/media/_data/datasets/CVC-ClinicDB/Ground Truth/206.tif
485,/media/_data/datasets/CVC-ClinicDB/Original/279.tif,/media/_data/datasets/CVC-ClinicDB/Ground Truth/279.tif
486,/media/_data/datasets/CVC-ClinicDB/Original/101.tif,/media/_data/datasets/CVC-ClinicDB/Ground Truth/101.tif
487,/media/_data/datasets/CVC-ClinicDB/Original/419.tif,/media/_data/datasets/CVC-ClinicDB/Ground Truth/419.tif
488,/media/_data/datasets/CVC-ClinicDB/Original/436.tif,/media/_data/datasets/CVC-ClinicDB/Ground Truth/436.tif
489,/media/_data/datasets/CVC-ClinicDB/Original/465.tif,/media/_data/datasets/CVC-ClinicDB/Ground Truth/465.tif
490,/media/_data/datasets/CVC-ClinicDB/Original/104.tif,/media/_data/datasets/CVC-ClinicDB/Ground Truth/104.tif
491,/media/_data/datasets/CVC-ClinicDB/Original/353.tif,/media/_data/datasets/CVC-ClinicDB/Ground Truth/353.tif
492,/media/_data/datasets/CVC-ClinicDB/Original/80.tif,/media/_data/datasets/CVC-ClinicDB/Ground Truth/80.tif
493,/media/_data/datasets/CVC-ClinicDB/Original/405.tif,/media/_data/datasets/CVC-ClinicDB/Ground Truth/405.tif
494,/media/_data/datasets/CVC-ClinicDB/Original/120.tif,/media/_data/datasets/CVC-ClinicDB/Ground Truth/120.tif
495,/media/_data/datasets/CVC-ClinicDB/Original/64.tif,/media/_data/datasets/CVC-ClinicDB/Ground Truth/64.tif
496,/media/_data/datasets/CVC-ClinicDB/Original/325.tif,/media/_data/datasets/CVC-ClinicDB/Ground Truth/325.tif
497,/media/_data/datasets/CVC-ClinicDB/Original/253.tif,/media/_data/datasets/CVC-ClinicDB/Ground Truth/253.tif
498,/media/_data/datasets/CVC-ClinicDB/Original/16.tif,/media/_data/datasets/CVC-ClinicDB/Ground Truth/16.tif
499,/media/_data/datasets/CVC-ClinicDB/Original/262.tif,/media/_data/datasets/CVC-ClinicDB/Ground Truth/262.tif
500,/media/_data/datasets/CVC-ClinicDB/Original/201.tif,/media/_data/datasets/CVC-ClinicDB/Ground Truth/201.tif
501,/media/_data/datasets/CVC-ClinicDB/Original/230.tif,/media/_data/datasets/CVC-ClinicDB/Ground Truth/230.tif
502,/media/_data/datasets/CVC-ClinicDB/Original/538.tif,/media/_data/datasets/CVC-ClinicDB/Ground Truth/538.tif
503,/media/_data/datasets/CVC-ClinicDB/Original/426.tif,/media/_data/datasets/CVC-ClinicDB/Ground Truth/426.tif
504,/media/_data/datasets/CVC-ClinicDB/Original/435.tif,/media/_data/datasets/CVC-ClinicDB/Ground Truth/435.tif
505,/media/_data/datasets/CVC-ClinicDB/Original/220.tif,/media/_data/datasets/CVC-ClinicDB/Ground Truth/220.tif
506,/media/_data/datasets/CVC-ClinicDB/Original/447.tif,/media/_data/datasets/CVC-ClinicDB/Ground Truth/447.tif
507,/media/_data/datasets/CVC-ClinicDB/Original/85.tif,/media/_data/datasets/CVC-ClinicDB/Ground Truth/85.tif
508,/media/_data/datasets/CVC-ClinicDB/Original/498.tif,/media/_data/datasets/CVC-ClinicDB/Ground Truth/498.tif
509,/media/_data/datasets/CVC-ClinicDB/Original/539.tif,/media/_data/datasets/CVC-ClinicDB/Ground Truth/539.tif
510,/media/_data/datasets/CVC-ClinicDB/Original/68.tif,/media/_data/datasets/CVC-ClinicDB/Ground Truth/68.tif
511,/media/_data/datasets/CVC-ClinicDB/Original/156.tif,/media/_data/datasets/CVC-ClinicDB/Ground Truth/156.tif
512,/media/_data/datasets/CVC-ClinicDB/Original/98.tif,/media/_data/datasets/CVC-ClinicDB/Ground Truth/98.tif
513,/media/_data/datasets/CVC-ClinicDB/Original/566.tif,/media/_data/datasets/CVC-ClinicDB/Ground Truth/566.tif
514,/media/_data/datasets/CVC-ClinicDB/Original/113.tif,/media/_data/datasets/CVC-ClinicDB/Ground Truth/113.tif
515,/media/_data/datasets/CVC-ClinicDB/Original/393.tif,/media/_data/datasets/CVC-ClinicDB/Ground Truth/393.tif
516,/media/_data/datasets/CVC-ClinicDB/Original/554.tif,/media/_data/datasets/CVC-ClinicDB/Ground Truth/554.tif
517,/media/_data/datasets/CVC-ClinicDB/Original/316.tif,/media/_data/datasets/CVC-ClinicDB/Ground Truth/316.tif
518,/media/_data/datasets/CVC-ClinicDB/Original/497.tif,/media/_data/datasets/CVC-ClinicDB/Ground Truth/497.tif
519,/media/_data/datasets/CVC-ClinicDB/Original/384.tif,/media/_data/datasets/CVC-ClinicDB/Ground Truth/384.tif
520,/media/_data/datasets/CVC-ClinicDB/Original/276.tif,/media/_data/datasets/CVC-ClinicDB/Ground Truth/276.tif
521,/media/_data/datasets/CVC-ClinicDB/Original/505.tif,/media/_data/datasets/CVC-ClinicDB/Ground Truth/505.tif
522,/media/_data/datasets/CVC-ClinicDB/Original/203.tif,/media/_data/datasets/CVC-ClinicDB/Ground Truth/203.tif
523,/media/_data/datasets/CVC-ClinicDB/Original/190.tif,/media/_data/datasets/CVC-ClinicDB/Ground Truth/190.tif
524,/media/_data/datasets/CVC-ClinicDB/Original/260.tif,/media/_data/datasets/CVC-ClinicDB/Ground Truth/260.tif
525,/media/_data/datasets/CVC-ClinicDB/Original/307.tif,/media/_data/datasets/CVC-ClinicDB/Ground Truth/307.tif
526,/media/_data/datasets/CVC-ClinicDB/Original/28.tif,/media/_data/datasets/CVC-ClinicDB/Ground Truth/28.tif
527,/media/_data/datasets/CVC-ClinicDB/Original/463.tif,/media/_data/datasets/CVC-ClinicDB/Ground Truth/463.tif
528,/media/_data/datasets/CVC-ClinicDB/Original/466.tif,/media/_data/datasets/CVC-ClinicDB/Ground Truth/466.tif
529,/media/_data/datasets/CVC-ClinicDB/Original/100.tif,/media/_data/datasets/CVC-ClinicDB/Ground Truth/100.tif
530,/media/_data/datasets/CVC-ClinicDB/Original/6.tif,/media/_data/datasets/CVC-ClinicDB/Ground Truth/6.tif
531,/media/_data/datasets/CVC-ClinicDB/Original/600.tif,/media/_data/datasets/CVC-ClinicDB/Ground Truth/600.tif
532,/media/_data/datasets/CVC-ClinicDB/Original/239.tif,/media/_data/datasets/CVC-ClinicDB/Ground Truth/239.tif
533,/media/_data/datasets/CVC-ClinicDB/Original/242.tif,/media/_data/datasets/CVC-ClinicDB/Ground Truth/242.tif
534,/media/_data/datasets/CVC-ClinicDB/Original/250.tif,/media/_data/datasets/CVC-ClinicDB/Ground Truth/250.tif
535,/media/_data/datasets/CVC-ClinicDB/Original/427.tif,/media/_data/datasets/CVC-ClinicDB/Ground Truth/427.tif
536,/media/_data/datasets/CVC-ClinicDB/Original/350.tif,/media/_data/datasets/CVC-ClinicDB/Ground Truth/350.tif
537,/media/_data/datasets/CVC-ClinicDB/Original/509.tif,/media/_data/datasets/CVC-ClinicDB/Ground Truth/509.tif
538,/media/_data/datasets/CVC-ClinicDB/Original/258.tif,/media/_data/datasets/CVC-ClinicDB/Ground Truth/258.tif
539,/media/_data/datasets/CVC-ClinicDB/Original/573.tif,/media/_data/datasets/CVC-ClinicDB/Ground Truth/573.tif
540,/media/_data/datasets/CVC-ClinicDB/Original/560.tif,/media/_data/datasets/CVC-ClinicDB/Ground Truth/560.tif
541,/media/_data/datasets/CVC-ClinicDB/Original/42.tif,/media/_data/datasets/CVC-ClinicDB/Ground Truth/42.tif
542,/media/_data/datasets/CVC-ClinicDB/Original/482.tif,/media/_data/datasets/CVC-ClinicDB/Ground Truth/482.tif
543,/media/_data/datasets/CVC-ClinicDB/Original/251.tif,/media/_data/datasets/CVC-ClinicDB/Ground Truth/251.tif
544,/media/_data/datasets/CVC-ClinicDB/Original/14.tif,/media/_data/datasets/CVC-ClinicDB/Ground Truth/14.tif
545,/media/_data/datasets/CVC-ClinicDB/Original/570.tif,/media/_data/datasets/CVC-ClinicDB/Ground Truth/570.tif
546,/media/_data/datasets/CVC-ClinicDB/Original/118.tif,/media/_data/datasets/CVC-ClinicDB/Ground Truth/118.tif
547,/media/_data/datasets/CVC-ClinicDB/Original/490.tif,/media/_data/datasets/CVC-ClinicDB/Ground Truth/490.tif
548,/media/_data/datasets/CVC-ClinicDB/Original/147.tif,/media/_data/datasets/CVC-ClinicDB/Ground Truth/147.tif
549,/media/_data/datasets/CVC-ClinicDB/Original/329.tif,/media/_data/datasets/CVC-ClinicDB/Ground Truth/329.tif
